"Product Feeds","Product Feeds"
"Product Feed Settings","Product Feed Settings"
"Feeds","Feeds"
"Generate Feeds","Generate Feeds"
"Deliver Feeds","Deliver Feeds"
"Add Feed","Add Feed"
"Feed Information","Feed Information"
"New Feed","New Feed"
"Edit Feed ""%1""","Edit Feed ""%1"""
"Save Feed","Save Feed"
"Save and Continue Editing","Save and Continue Editing"
"Generate Now","Generate Now"
"Name","Name"
"Code","Code"
"Store View","Store View"
"Format","Format"
"Target Channel","Target Channel"
"File Name","File Name"
"Active","Active"
"Description","Description"
"Status","Status"
"Products","Products"
"Last Generated","Last Generated"
"Content","Content"
"Template","Template"
"Field Mapping (JSON)","Field Mapping (JSON)"
"CSV Delimiter","CSV Delimiter"
"CSV Enclosure","CSV Enclosure"
"Include Header Row","Include Header Row"
"UTF-8 BOM","UTF-8 BOM"
"Products to Include","Products to Include"
"Conditions","Conditions"
"Schedule","Schedule"
"Times of Day","Times of Day"
"Days of the Week","Days of the Week"
"Validation","Validation"
"Rules (JSON)","Rules (JSON)"
"Edit","Edit"
"Delete","Delete"
"The feed has been saved.","The feed has been saved."
"The feed has been deleted.","The feed has been deleted."
"That feed no longer exists.","That feed no longer exists."
"Template error: %1","Template error: %1"
"The validation rules are not valid JSON.","The validation rules are not valid JSON."
"The field mapping is not valid JSON.","The field mapping is not valid JSON."
"Generated %1 products in %2 ms.","Generated %1 products in %2 ms."
"Generation failed: %1","Generation failed: %1"
"XML (template-driven)","XML (template-driven)"
"CSV (field-mapped - can push to catalog APIs)","CSV (field-mapped - can push to catalog APIs)"
"TSV (field-mapped - can push to catalog APIs)","TSV (field-mapped - can push to catalog APIs)"
"JSONL (field-mapped - can push to catalog APIs)","JSONL (field-mapped - can push to catalog APIs)"
"-- None / generic --","-- None / generic --"
"Google Merchant Center","Google Merchant Center"
"Meta (Facebook / Instagram)","Meta (Facebook / Instagram)"
"TikTok","TikTok"
"Pinterest","Pinterest"
"Microsoft Advertising (Bing)","Microsoft Advertising (Bing)"
"AI / agentic shopping","AI / agentic shopping"
"Other","Other"
"Public URL (consumer fetches the file)","Public URL (consumer fetches the file)"
"SFTP","SFTP"
"FTP (unencrypted - prefer SFTP where available)","FTP (unencrypted - prefer SFTP where available)"
"Google Merchant Center (Merchant API)","Google Merchant Center (Merchant API)"
"Meta Catalog (Facebook / Instagram, direct push)","Meta Catalog (Facebook / Instagram, direct push)"
"errors","errors"
"warnings","warnings"
"notices","notices"
"improvements","improvements"
"No validation issues.","No validation issues."
"never","never"
"Comma  ,","Comma  ,"
"Semicolon  ;","Semicolon  ;"
"Tab","Tab"
"Pipe  |","Pipe  |"
"Colon  :","Colon  :"
"Space","Space"
"Double quote","Double quote"
"Single quote","Single quote"
"None","None"
